<?xml version="1.0" encoding="UTF-8"?>
<project-private xmlns="http://www.netbeans.org/ns/project-private/1">
    <editor-bookmarks xmlns="http://www.netbeans.org/ns/editor-bookmarks/2" lastBookmarkId="0"/>
    <open-files xmlns="http://www.netbeans.org/ns/projectui-open-files/2">
        <group>
            <file>file:/C:/Users/abdom/MPLABXProjects/Stepper%20Motor%20Control.X/ECU_Layer/ECU_Stepper.h</file>
            <file>file:/C:/Users/abdom/MPLABXProjects/Stepper%20Motor%20Control.X/MCAL_Layer/GPIO/HAL_GPIO.h</file>
            <file>file:/C:/Users/abdom/MPLABXProjects/Stepper%20Motor%20Control.X/Application.c</file>
            <file>file:/C:/Users/abdom/MPLABXProjects/Stepper%20Motor%20Control.X/MCAL_Layer/Std_Types.h</file>
            <file>file:/C:/Users/abdom/MPLABXProjects/Stepper%20Motor%20Control.X/MCAL_Layer/GPIO/HAL_GPIO.c</file>
            <file>file:/C:/Users/abdom/MPLABXProjects/Stepper%20Motor%20Control.X/Application.h</file>
            <file>file:/C:/Users/abdom/MPLABXProjects/Stepper%20Motor%20Control.X/ECU_Layer/ECU_Stepper.c</file>
        </group>
    </open-files>
</project-private>
